AA_name,AA_abbrev1,AA_abbrev2,Formula,Formula_2,C_elem,N_elem,S_elem
Alanine,Ala,A,C3H7NO2,CH3-CH(NH2)-COOH,1,0,0
Arginine,Arg,R,C6H14N4O2,HN=C(NH2)-NH-(CH2)3-CH(NH2)-COOH,4,3,0
Asparagine,Asn,N,C4H8N2O3,H2N-CO-CH2-CH(NH2)-COOH,2,1,0
Aspartic acid,Asp,D,C4H7NO4,HOOC-CH2-CH(NH2)-COOH,2,0,0
Cysteine,Cys,C,C3H7NO2S,HS-CH2-CH(NH2)-COOH,1,0,1
Glutamine,Gln,Q,C5H10N2O3,H2N-CO-(CH2)2-CH(NH2)-COOH,3,1,0
Glutamic acid,Glu,E,C5H9NO4,HOOC-(CH2)2-CH(NH2)-COOH,3,0,0
Glycine,Gly,G,C2H5NO2,NH2-CH2-COOH,0,0,0
Histidine,His,H,C6H9N3O2,NH-CH=N-CH=C-CH2-CH(NH2)-COOH,4,2,0
Isoleucine,Ile,I,C6H13NO2,CH3-CH2-CH(CH3)-CH(NH2)-COOH,4,0,0
Leucine,Leu,L,C6H13NO2,(CH3)2-CH-CH2-CH(NH2)-COOH,4,0,0
Lysine,Lys,K,C6H14N2O2,H2N-(CH2)4-CH(NH2)-COOH,4,1,0
Methionine,Met,M,C5H11NO2S,CH3-S-(CH2)2-CH(NH2)-COOH,3,0,1
Phenylalanine,Phe,F,C9H11NO2,Ph-CH2-CH(NH2)-COOH,7,0,0
Proline,Pro,P,C5H9NO2,NH-(CH2)3-CH-COOH,3,0,0
Serine,Ser,S,C3H7NO3,HO-CH2-CH(NH2)-COOH,1,0,0
Threonine,Thr,T,C4H9NO3,CH3-CH(OH)-CH(NH2)-COOH,2,0,0
Tryptophan,Trp,W,C11H12N2O2,Ph-NH-CH=C-CH2-CH(NH2)-COOH,9,1,0
Tyrosine,Tyr,Y,C9H11NO3,HO-Ph-CH2-CH(NH2)-COOH,7,0,0
Valine,Val,V,C5H11NO2,(CH3)2-CH-CH(NH2)-COOH,3,0,0
